lat,lon
50.25022980000001,25.934952999999997
50.25022980000001,25.940382999999997
50.25022980000001,25.945812999999998
50.2502858,25.934615
50.2502858,25.940045
50.2502858,25.945475000000002
50.250480800000005,25.934835
50.250480800000005,25.940265
50.250480800000005,25.945695
50.2504888,25.934851
50.2504888,25.940281
50.2504888,25.945711
50.250655800000004,25.934682
50.250655800000004,25.940112
50.250655800000004,25.945542
50.2507698,25.934537000000002
50.2507698,25.939967000000003
50.2507698,25.945397000000003
50.2508018,25.934489
50.2508018,25.939919
50.2508018,25.945349
50.2509728,25.935041
50.2509728,25.940471
50.2509728,25.945901
50.2513528,25.934666
50.2513528,25.940096
50.2513528,25.945526
50.25136680000001,25.934698
50.25136680000001,25.940128
50.25136680000001,25.945558000000002
50.2514148,25.934317
50.2514148,25.939747
50.2514148,25.945177
50.251524800000006,25.934406
50.251524800000006,25.939836
50.251524800000006,25.945266
50.253564000000004,25.934952999999997
50.253564000000004,25.940382999999997
50.253564000000004,25.945812999999998
50.25362,25.934615
50.25362,25.940045
50.25362,25.945475000000002
50.253815,25.934835
50.253815,25.940265
50.253815,25.945695
50.253823,25.934851
50.253823,25.940281
50.253823,25.945711
50.25399,25.934682
50.25399,25.940112
50.25399,25.945542
50.254104,25.934537000000002
50.254104,25.939967000000003
50.254104,25.945397000000003
50.254135999999995,25.934489
50.254135999999995,25.939919
50.254135999999995,25.945349
50.254307,25.935041
50.254307,25.940471
50.254307,25.945901
50.254687,25.934666
50.254687,25.940096
50.254687,25.945526
50.254701000000004,25.934698
50.254701000000004,25.940128
50.254701000000004,25.945558000000002
50.254749,25.934317
50.254749,25.939747
50.254749,25.945177
50.254859,25.934406
50.254859,25.939836
50.254859,25.945266
50.255265800000004,25.947499
50.255265800000004,25.952929
50.255265800000004,25.958359
50.2554098,25.947893
50.2554098,25.953323
50.2554098,25.958753
50.255793800000006,25.948128999999998
50.255793800000006,25.953559
50.255793800000006,25.958989
50.2557968,25.948214
50.2557968,25.953644
50.2557968,25.959074
50.2559978,25.949237
50.2559978,25.954667
50.2559978,25.960097
50.2560698,25.948034
50.2560698,25.953464
50.2560698,25.958894
50.2560858,25.948968
50.2560858,25.954398
50.2560858,25.959828
50.2562238,25.948993
50.2562238,25.954423000000002
50.2562238,25.959853000000003
50.2568982,25.934952999999997
50.2568982,25.940382999999997
50.2568982,25.945812999999998
50.256954199999996,25.934615
50.256954199999996,25.940045
50.256954199999996,25.945475000000002
50.2571492,25.934835
50.2571492,25.940265
50.2571492,25.945695
50.257157199999995,25.934851
50.257157199999995,25.940281
50.257157199999995,25.945711
50.2573242,25.934682
50.2573242,25.940112
50.2573242,25.945542
50.257438199999996,25.934537000000002
50.257438199999996,25.939967000000003
50.257438199999996,25.945397000000003
50.25747019999999,25.934489
50.25747019999999,25.939919
50.25747019999999,25.945349
50.257641199999995,25.935041
50.257641199999995,25.940471
50.257641199999995,25.945901
50.258021199999995,25.934666
50.258021199999995,25.940096
50.258021199999995,25.945526
50.2580352,25.934698
50.2580352,25.940128
50.2580352,25.945558000000002
50.258083199999994,25.934317
50.258083199999994,25.939747
50.258083199999994,25.945177
50.2581932,25.934406
50.2581932,25.939836
50.2581932,25.945266
50.2586,25.947499
50.2586,25.952929
50.2586,25.958359
50.258744,25.947893
50.258744,25.953323
50.258744,25.958753
50.259128000000004,25.948128999999998
50.259128000000004,25.953559
50.259128000000004,25.958989
50.259131,25.948214
50.259131,25.953644
50.259131,25.959074
50.259332,25.949237
50.259332,25.954667
50.259332,25.960097
50.259403999999996,25.948034
50.259403999999996,25.953464
50.259403999999996,25.958894
50.25942,25.948968
50.25942,25.954398
50.25942,25.959828
50.259558,25.948993
50.259558,25.954423000000002
50.259558,25.959853000000003
50.2619342,25.947499
50.2619342,25.952929
50.2619342,25.958359
50.2620782,25.947893
50.2620782,25.953323
50.2620782,25.958753
50.2624622,25.948128999999998
50.2624622,25.953559
50.2624622,25.958989
50.262465199999994,25.948214
50.262465199999994,25.953644
50.262465199999994,25.959074
50.2626662,25.949237
50.2626662,25.954667
50.2626662,25.960097
50.262738199999994,25.948034
50.262738199999994,25.953464
50.262738199999994,25.958894
50.262754199999996,25.948968
50.262754199999996,25.954398
50.262754199999996,25.959828
50.262892199999996,25.948993
50.262892199999996,25.954423000000002
50.262892199999996,25.959853000000003
50.3010948,25.917218000000002
50.3010948,25.922648000000002
50.3010948,25.928078000000003
50.301121800000004,25.916335
50.301121800000004,25.921765
50.301121800000004,25.927195
50.3011878,25.916134
50.3011878,25.921564
50.3011878,25.926994
50.301318800000004,25.91718
50.301318800000004,25.92261
50.301318800000004,25.92804
50.3015518,25.915902999999997
50.3015518,25.921332999999997
50.3015518,25.926762999999998
50.3016548,25.916976
50.3016548,25.922406
50.3016548,25.927836
50.3017028,25.914511
50.3017028,25.919941
50.3017028,25.925371000000002
50.3017168,25.915689
50.3017168,25.921119
50.3017168,25.926549
50.3017668,25.915799
50.3017668,25.921229
50.3017668,25.926659
50.3020178,25.916256999999998
50.3020178,25.921687
50.3020178,25.927117
50.302120800000004,25.91586
50.302120800000004,25.92129
50.302120800000004,25.92672
50.3022718,25.916332
50.3022718,25.921762
50.3022718,25.927192
50.304429,25.917218000000002
50.304429,25.922648000000002
50.304429,25.928078000000003
50.304456,25.916335
50.304456,25.921765
50.304456,25.927195
50.304522,25.916134
50.304522,25.921564
50.304522,25.926994
50.304653,25.91718
50.304653,25.92261
50.304653,25.92804
50.304885999999996,25.915902999999997
50.304885999999996,25.921332999999997
50.304885999999996,25.926762999999998
50.304989,25.916976
50.304989,25.922406
50.304989,25.927836
50.305037,25.914511
50.305037,25.919941
50.305037,25.925371000000002
50.305051,25.915689
50.305051,25.921119
50.305051,25.926549
50.305101,25.915799
50.305101,25.921229
50.305101,25.926659
50.305352,25.916256999999998
50.305352,25.921687
50.305352,25.927117
50.305455,25.91586
50.305455,25.92129
50.305455,25.92672
50.305606,25.916332
50.305606,25.921762
50.305606,25.927192
50.3077632,25.917218000000002
50.3077632,25.922648000000002
50.3077632,25.928078000000003
50.3077902,25.916335
50.3077902,25.921765
50.3077902,25.927195
50.307856199999996,25.916134
50.307856199999996,25.921564
50.307856199999996,25.926994
50.3079872,25.91718
50.3079872,25.92261
50.3079872,25.92804
50.308220199999994,25.915902999999997
50.308220199999994,25.921332999999997
50.308220199999994,25.926762999999998
50.3083232,25.916976
50.3083232,25.922406
50.3083232,25.927836
50.308371199999996,25.914511
50.308371199999996,25.919941
50.308371199999996,25.925371000000002
50.3083852,25.915689
50.3083852,25.921119
50.3083852,25.926549
50.3084352,25.915799
50.3084352,25.921229
50.3084352,25.926659
50.3086862,25.916256999999998
50.3086862,25.921687
50.3086862,25.927117
50.3087892,25.91586
50.3087892,25.92129
50.3087892,25.92672
50.308940199999995,25.916332
50.308940199999995,25.921762
50.308940199999995,25.927192
50.32782350000001,26.2670405
50.32782350000001,26.2724705
50.32782350000001,26.2779005
50.331157700000006,26.2670405
50.3344919,26.2670405
50.3344919,26.2724705
50.3344919,26.2779005
50.5550058,25.590087999999998
50.5550058,25.595518
50.5550058,25.600948
50.55834,25.590087999999998
50.55834,25.595518
50.55834,25.600948
50.5616742,25.590087999999998
50.5616742,25.595518
50.5616742,25.600948
50.6960258,29.113788
50.6960258,29.119218
50.6960258,29.124648
50.69936,29.113788
50.69936,29.119218
50.69936,29.124648
50.7021698,29.06274
50.7021698,29.068170000000002
50.7021698,29.073600000000003
50.702694199999996,29.124648
50.705504,29.06274
50.705504,29.068170000000002
50.705504,29.073600000000003
50.708838199999995,29.068170000000002
50.708838199999995,29.073600000000003
50.7297258,26.339785000000003
50.7297258,26.345215000000003
50.7297258,26.350645000000004
50.73639419999999,26.339785000000003
50.73639419999999,26.345215000000003
50.73639419999999,26.350645000000004
50.7391968,28.889642999999996
50.7391968,28.895072999999996
50.7391968,28.900502999999997
50.742531,28.889642999999996
50.742531,28.895072999999996
50.742531,28.900502999999997
50.74384380000001,26.401916999999997
50.74384380000001,26.407346999999998
50.74384380000001,26.412777
50.7458652,28.889642999999996
50.7458652,28.895072999999996
50.7458652,28.900502999999997
50.747178000000005,26.401916999999997
50.7490948,29.194864
50.7490948,29.200294
50.7490948,29.205724
50.7504598,29.091785
50.7504598,29.097215000000002
50.7504598,29.102645000000003
50.7505122,26.401916999999997
50.7505122,26.407346999999998
50.7505122,26.412777
50.7514148,28.920971
50.7514148,28.926401000000002
50.7514148,28.931831000000003
50.752429,29.194864
50.752429,29.200294
50.752429,29.205724
50.753794,29.091785
50.753794,29.097215000000002
50.753794,29.102645000000003
50.7543698,29.142048000000003
50.7543698,29.147478000000003
50.7543698,29.152908000000004
50.754749,28.920971
50.754749,28.926401000000002
50.754749,28.931831000000003
50.7547768,29.178241999999997
50.7547768,29.183671999999998
50.7547768,29.189102
50.7557632,29.194864
50.7557632,29.200294
50.7557632,29.205724
50.756756,26.034859
50.756756,26.040289
50.7571282,29.091785
50.7571282,29.097215000000002
50.7571282,29.102645000000003
50.757704,29.142048000000003
50.757704,29.147478000000003
50.757704,29.152908000000004
50.7578318,26.27462
50.7578318,26.28005
50.7578318,26.28548
50.758083199999994,28.920971
50.758083199999994,28.926401000000002
50.758111,29.178241999999997
50.758111,29.183671999999998
50.758111,29.189102
50.7592638,29.045599999999997
50.7592638,29.051029999999997
50.7592638,29.056459999999998
50.759655800000004,29.156326999999997
50.7600902,26.040289
50.7604168,26.308025
50.761038199999994,29.152908000000004
50.761165999999996,26.27462
50.761165999999996,26.28005
50.761165999999996,26.28548
50.761225,29.052479
50.761225,29.057909000000002
50.761225,29.063339000000003
50.7614452,29.178241999999997
50.7614452,29.183671999999998
50.7614452,29.189102
50.7615478,26.28484
50.7615478,26.29027
50.7615478,26.2957
50.762598,29.045599999999997
50.762598,29.051029999999997
50.762598,29.056459999999998
50.76299,29.145466999999996
50.76299,29.150896999999997
50.76299,29.156326999999997
50.763751,26.302595
50.763751,26.308025
50.7639328,29.066126
50.7639328,29.071556
50.7639328,29.076986
50.76450019999999,26.27462
50.76450019999999,26.28005
50.76450019999999,26.28548
50.7645592,29.052479
50.7645592,29.057909000000002
50.7645592,29.063339000000003
50.764882,26.28484
50.764882,26.29027
50.764882,26.2957
50.7651818,26.297658
50.7651818,26.303088
50.7651818,26.308518
50.765932199999995,29.045599999999997
50.765932199999995,29.056459999999998
50.7663242,29.145466999999996
50.7663242,29.150896999999997
50.7663242,29.156326999999997
50.7670852,26.308025
50.767267,29.066126
50.767267,29.071556
50.767267,29.076986
50.7682162,26.28484
50.7682162,26.29027
50.7682162,26.2957
50.768516,26.297658
50.768516,26.303088
50.768516,26.308518
50.7696478,26.068224
50.770601199999994,29.071556
50.770601199999994,29.076986
50.772982,26.062794
50.772982,26.068224
50.7763162,26.068224
50.7783918,26.358151
50.780942800000005,26.272959
50.780942800000005,26.278389
50.780942800000005,26.283819
50.781726,26.352721
50.781726,26.358151
50.7841998,26.313597
50.7841998,26.319027000000002
50.7841998,26.324457000000002
50.784277,26.272959
50.784277,26.278389
50.784277,26.283819
50.7850602,26.358151
50.7873398,26.312014
50.7873398,26.317444000000002
50.7873398,26.322874000000002
50.787534,26.313597
50.787534,26.319027000000002
50.787534,26.324457000000002
50.7876112,26.272959
50.7876112,26.278389
50.7876112,26.283819
50.7879838,26.324575
50.7879838,26.330005
50.7879838,26.335435
50.7881658,26.3301
50.790673999999996,26.317444000000002
50.7907658,28.891515000000002
50.7907658,28.896945000000002
50.7907658,28.902375000000003
50.7908682,26.313597
50.7908682,26.319027000000002
50.7908682,26.324457000000002
50.791318,26.324575
50.791318,26.330005
50.791318,26.335435
50.7913448,26.284512
50.7913448,26.289942
50.7913448,26.295372
50.7915,26.32467
50.7915,26.3301
50.792548800000006,26.294188
50.79400819999999,26.312014
50.79400819999999,26.317444000000002
50.79400819999999,26.322874000000002
50.7941,28.891515000000002
50.7941,28.896945000000002
50.7941,28.902375000000003
50.794652199999994,26.324575
50.794652199999994,26.335435
50.794678999999995,26.284512
50.794678999999995,26.289942
50.794678999999995,26.295372
50.7948342,26.3301
50.795883,26.294188
50.795883,26.299618
50.795883,26.305048
50.7964448,26.150754
50.79729880000001,28.879913
50.79729880000001,28.885343
50.79729880000001,28.890773
50.7974342,28.891515000000002
50.7974342,28.896945000000002
50.7974342,28.902375000000003
50.79801319999999,26.284512
50.79801319999999,26.289942
50.79801319999999,26.295372
50.7992172,26.294188
50.7992172,26.299618
50.7992172,26.305048
50.799779,26.145324
50.799779,26.150754
50.800633000000005,28.879913
50.800633000000005,28.885343
50.800633000000005,28.890773
50.8031132,26.150754
50.8039672,28.879913
50.8039672,28.885343
50.8039672,28.890773
50.8064728,26.341308
50.809807,26.335878
50.809807,26.341308
50.812108800000004,26.423785000000002
50.812108800000004,26.429215000000003
50.812108800000004,26.434645000000003
50.8131412,26.341308
50.814863,26.267315
50.814863,26.272745
50.815443,26.423785000000002
50.815443,26.429215000000003
50.815443,26.434645000000003
50.8175498,26.177305
50.8181972,26.272745
50.8187772,26.423785000000002
50.8187772,26.429215000000003
50.8187772,26.434645000000003
50.820884,26.171875
50.820884,26.177305
50.821986800000005,26.199597
50.8228148,26.444466000000002
50.8228148,26.449896000000003
50.8228148,26.455326000000003
50.8242182,26.177305
50.825321,26.194167
50.825321,26.199597
50.826149,26.444466000000002
50.826149,26.449896000000003
50.826149,26.455326000000003
50.8262708,26.44584
50.8262708,26.45127
50.8262708,26.4567
50.8286552,26.199597
50.8294658,26.402435999999998
50.8294658,26.407866
50.8294658,26.413296
50.8294832,26.444466000000002
50.8294832,26.449896000000003
50.8294832,26.455326000000003
50.829605,26.44584
50.829605,26.45127
50.829605,26.4567
50.8310358,26.390509
50.8310358,26.395939000000002
50.8310358,26.401369000000003
50.831388000000004,26.258202
50.831388000000004,26.263632
50.832664,25.457483
50.832664,25.462913
50.832664,25.468343
50.8328,26.402435999999998
50.8328,26.407866
50.8328,26.413296
50.8329392,26.44584
50.8329392,26.45127
50.8329392,26.4567
50.833027,26.419071
50.833027,26.424501
50.833027,26.429931
50.83437,26.390509
50.83437,26.395939000000002
50.83437,26.401369000000003
50.8347222,26.263632
50.8359982,25.457483
50.8359982,25.462913
50.8359982,25.468343
50.8361342,26.402435999999998
50.8361342,26.407866
50.8361342,26.413296
50.8363612,26.419071
50.8363612,26.424501
50.8363612,26.429931
50.836843800000004,26.881876000000002
50.836843800000004,26.887306000000002
50.8377042,26.390509
50.8377042,26.395939000000002
50.8377042,26.401369000000003
50.840178,26.876446
50.840178,26.881876000000002
50.840178,26.887306000000002
50.8435122,26.876446
50.8435122,26.881876000000002
50.8435122,26.887306000000002
50.8464708,26.209709
50.8464708,26.215139
50.8464708,26.220569
50.8493758,26.235532
50.8493758,26.240962
50.8493758,26.246392
50.849804999999996,26.209709
50.849804999999996,26.215139
50.849804999999996,26.220569
50.8516228,26.370909
50.8516228,26.376339
50.8516228,26.381769000000002
50.852709999999995,26.235532
50.852709999999995,26.240962
50.8528948,26.314516
50.8528948,26.319946
50.8528948,26.325376000000002
50.853139199999994,26.215139
50.853139199999994,26.220569
50.8536548,26.337937999999998
50.8536548,26.343367999999998
50.8536548,26.348798
50.853695800000004,26.353657000000002
50.854957,26.370909
50.854957,26.376339
50.854957,26.381769000000002
50.85604419999999,26.235532
50.85604419999999,26.240962
50.85604419999999,26.246392
50.856229,26.314516
50.856229,26.319946
50.856229,26.325376000000002
50.856989,26.337937999999998
50.856989,26.343367999999998
50.856989,26.348798
50.85703,26.342797
50.85703,26.348227
50.85703,26.353657000000002
50.8579148,25.906487
50.8582912,26.370909
50.8582912,26.376339
50.8582912,26.381769000000002
50.8595632,26.314516
50.8595632,26.319946
50.8595632,26.325376000000002
50.8603642,26.342797
50.8603642,26.348227
50.8603642,26.353657000000002
50.861249,25.901056999999998
50.861249,25.906487
50.8641383,26.406516899999996
50.8641383,26.411946899999997
50.8641383,26.417376899999997
50.8645832,25.906487
50.8653168,26.397308
50.8653168,26.402738
50.8653168,26.408168
50.8674725,26.406516899999996
50.8674725,26.411946899999997
50.8674725,26.417376899999997
50.8674758,26.418986999999998
50.8674758,26.424417
50.8674758,26.429847
50.868651,26.397308
50.868651,26.402738
50.868651,26.408168
50.8698308,26.370426
50.8698308,26.375856
50.8698308,26.381286
50.87081,26.418986999999998
50.87081,26.424417
50.87081,26.429847
50.8719852,26.397308
50.8719852,26.402738
50.8719852,26.408168
50.873165,26.370426
50.873165,26.375856
50.873165,26.381286
50.8764992,26.370426
50.8764992,26.375856
50.8764992,26.381286
50.8779378,26.968307
50.8779378,26.973737
50.8779378,26.979167
50.880149800000005,26.974474999999998
50.880149800000005,26.979905
50.881271999999996,26.973737
50.881271999999996,26.979167
50.883484,26.974474999999998
50.883484,26.979905
50.883484,26.985335
50.88460619999999,26.968307
50.88460619999999,26.973737
50.88460619999999,26.979167
50.8868182,26.974474999999998
50.8868182,26.979905
50.8868182,26.985335
50.9038588,26.947806999999997
50.9038588,26.953236999999998
50.9038588,26.958667
50.907193,26.947806999999997
50.907193,26.953236999999998
50.907193,26.958667
50.9105272,26.947806999999997
50.9105272,26.953236999999998
50.9105272,26.958667
50.9458448,26.40282
50.9458448,26.40825
50.9458448,26.41368
50.949179,26.40282
50.949179,26.40825
50.949179,26.41368
50.9525132,26.40282
50.9525132,26.40825
50.9525132,26.41368
50.976817800000006,26.365453999999996
50.980152000000004,26.360023999999996
50.980152000000004,26.365453999999996
50.9834862,26.365453999999996
50.9896608,26.839596
50.9896608,26.845026
50.9896608,26.850456
50.992995,26.839596
50.992995,26.845026
50.992995,26.850456
50.9963292,26.839596
50.9963292,26.845026
50.9963292,26.850456
50.9981628,26.35673
50.9981628,26.36216
50.9981628,26.36759
51.001497,26.36216
51.0048312,26.35673
51.0048312,26.36759
51.115135800000004,28.543067999999998
51.1166288,28.546228999999997
51.11847,28.543067999999998
51.119963,28.540798999999996
51.119963,28.546228999999997
51.146936,28.477226
51.150270199999994,28.477226
51.151299,28.492376
51.151299,28.497806
51.176128000000006,26.824909
51.176128000000006,26.830339000000002
51.22096680000001,27.624567999999996
51.2231068,26.468
51.2231068,26.47343
51.2231068,26.47886
51.224876800000004,26.151502999999998
51.224876800000004,26.156933
51.226440999999994,26.468
51.226440999999994,26.47343
51.228211,26.151502999999998
51.228211,26.156933
51.228211,26.162363
51.2289,28.553702
51.22977519999999,26.468
51.22977519999999,26.47343
51.22977519999999,26.47886
51.230679800000004,26.158928
51.230679800000004,26.164358
51.230679800000004,26.169788
51.2315452,26.151502999999998
51.2315452,26.156933
51.2315452,26.162363
51.234014,26.158928
51.234014,26.164358
51.234014,26.169788
51.2373482,26.158928
51.2373482,26.164358
51.2589568,26.13835
51.2589568,26.14378
51.262291,26.13835
51.262291,26.14378
51.262291,26.14921
51.2741378,27.482463
51.2741598,27.487849
51.2742091,25.4251606
51.274241800000006,27.483309000000002
51.274241800000006,27.488739000000002
51.274866800000005,27.494664000000004
51.27514980000001,27.489119
51.276715,27.463615
51.276715,27.469045
51.276775,27.462735
51.277471999999996,27.482463
51.277471999999996,27.487893
51.277479,27.487879
51.277519,27.482432
51.277753999999995,27.494323
51.277946,27.494519
51.280806199999994,27.487893
51.280806199999994,27.493323
51.2808132,27.487879
51.2808132,27.493309
51.28108819999999,27.488893
51.2812802,27.494519
51.2815332,27.494575
51.281818200000004,27.489119
51.287890999999995,26.404815999999997
51.288341800000005,26.396226
51.288341800000005,26.401656
51.288341800000005,26.407086
51.2893618,26.396012
51.2893618,26.401442
51.2893618,26.406872
51.289909800000004,26.396834000000002
51.2908648,26.392514
51.2908648,26.397944
51.2908648,26.403374
51.29122519999999,26.399385999999996
51.29122519999999,26.404815999999997
51.291676,26.396226
51.291676,26.407086
51.292696,26.396012
51.292696,26.401442
51.293244,26.396834000000002
51.293244,26.407694000000003
51.2934678,26.40686
51.2934678,26.412290000000002
51.2938568,26.406430999999998
51.2940578,26.412290000000002
51.294199,26.392514
51.294199,26.397944
51.294199,26.403374
51.2946588,26.205076
51.2946588,26.210506
51.2946588,26.215936
51.2950102,26.396226
51.2950102,26.401656
51.2956718,26.444509999999998
51.2960302,26.396012
51.2960302,26.401442
51.296802,26.40686
51.296802,26.412290000000002
51.296802,26.417720000000003
51.297191,26.406430999999998
51.297191,26.411861
51.297191,26.417291
51.297391999999995,26.40686
51.297391999999995,26.412290000000002
51.297993,26.205076
51.297993,26.210506
51.297993,26.215936
51.298023,26.406333
51.298023,26.411763
51.2986408,26.89031
51.299006,26.444509999999998
51.3001362,26.40686
51.3001362,26.412290000000002
51.3001362,26.417720000000003
51.300525199999996,26.411861
51.300525199999996,26.417291
51.30072619999999,26.412290000000002
51.30072619999999,26.417720000000003
51.301327199999996,26.205076
51.301327199999996,26.210506
51.3013572,26.406333
51.3013572,26.411763
51.301975,26.87945
51.301975,26.88488
51.301975,26.89031
51.302843800000005,27.484928
51.302843800000005,27.495788
51.302883800000004,27.485454
51.3029778,27.491623999999998
51.3032728,27.498095000000003
51.304546800000004,27.491709999999998
51.30513080000001,26.255556
51.306178,27.495788
51.306312,27.486193999999998
51.306312,27.491623999999998
51.3066018,26.180681
51.3066018,26.186111
51.307743800000004,26.20436
51.308465000000005,26.260986
51.3091628,26.268145
51.3091628,26.273575
51.3091628,26.279005
51.3095122,27.484928
51.3095122,27.490358
51.3095522,27.485454
51.309646199999996,27.486193999999998
51.309936,26.180681
51.309936,26.186111
51.309936,26.191541
51.3099412,27.492665000000002
51.310571800000005,26.183325
51.310571800000005,26.188755
51.310873199999996,27.486525999999998
51.311078,26.19893
51.311078,26.20436
51.311078,26.20979
51.3112152,27.491709999999998
51.3117992,26.255556
51.3117992,26.260986
51.3117992,26.266416
51.312497,26.268145
51.312497,26.273575
51.312497,26.279005
51.3132702,26.186111
51.3132702,26.191541
51.313397800000004,26.18582
51.313397800000004,26.19125
51.313906,26.188755
51.313906,26.194185
51.314365,27.120569
51.3144122,26.20436
51.3153718,26.264439
51.3153718,26.269869
51.3153718,26.275299
51.3157658,26.272537999999997
51.3157658,26.277967999999998
51.3157658,26.283398
51.3158312,26.268145
51.3158312,26.273575
51.3158338,26.272011999999997
51.3158338,26.282871999999998
51.316115800000006,26.271746
51.316115800000006,26.282606
51.3161718,26.266252
51.3161888,26.271797000000003
51.3161888,26.282657000000004
51.316329800000005,26.270333
51.31665580000001,26.28238
51.316732,26.18582
51.316732,26.19125
51.3172402,26.183325
51.3172402,26.188755
51.3172402,26.194185
51.318706,26.264439
51.318706,26.269869
51.318706,26.275299
51.319168,26.272011999999997
51.319168,26.277441999999997
51.319168,26.282871999999998
51.3191,26.272537999999997
51.3191,26.277967999999998
51.319439800000005,26.267496
51.319439800000005,26.272926000000002
51.31945,26.271746
51.31945,26.277176
51.319506,26.266252
51.319506,26.271682000000002
51.319506,26.277112000000002
51.3198458,26.267622000000003
51.3198458,26.273052000000003
51.3198458,26.278482000000004
51.3199188,26.272703000000003
51.3199188,26.278133000000004
51.319990000000004,26.27152
51.319990000000004,26.27695
51.3200662,26.18582
51.3200662,26.19125
51.3200662,26.19668
51.3205148,26.18751
51.3205148,26.19294
51.322040199999996,26.269869
51.322040199999996,26.275299
51.322502199999995,26.272011999999997
51.322774,26.267496
51.322774,26.272926000000002
51.322840199999995,26.266252
51.3229982,26.270333
51.3229982,26.275763
51.32318,26.267622000000003
51.32318,26.273052000000003
51.323253,26.267273000000003
51.323253,26.272703000000003
51.3233242,26.27152
51.3233242,26.27695
51.323848999999996,26.18751
51.323848999999996,26.19294
51.325326000000004,26.896349999999998
51.325326000000004,26.90178
51.325369,26.895216999999995
51.325369,26.900646999999996
51.3261082,26.272926000000002
51.32718319999999,26.19294
51.3286602,26.90178
51.328759999999996,26.570459999999997
51.328759999999996,26.575889999999998
51.332826000000004,26.552714
51.338627800000005,26.914962
51.341962,26.909532
51.341962,26.914962
51.341962,26.920392
51.3429738,26.285698999999997
51.3429738,26.291128999999998
51.3429738,26.296559
51.345027800000004,26.265044
51.3452962,26.914962
51.346308,26.285698999999997
51.346308,26.291128999999998
51.346308,26.296559
51.3479698,26.291322
51.3481078,26.913873000000002
51.3481078,26.919303000000003
51.3481318,26.291038
51.3481318,26.296468
51.348362,26.259614
51.348362,26.265044
51.3496422,26.285698999999997
51.3496422,26.291128999999998
51.3496422,26.296559
51.351304,26.291322
51.351304,26.296752
51.351304,26.302182000000002
51.351362,26.290937
51.351362,26.296367
51.351442,26.913873000000002
51.351442,26.919303000000003
51.351442,26.924733000000003
51.351465999999995,26.296468
51.351465999999995,26.301898
51.3516962,26.265044
51.3528408,26.286258
51.3528408,26.291688
51.3528408,26.297118
51.3530748,26.286189
51.3546382,26.291322
51.3546382,26.296752
51.3546382,26.302182000000002
51.3546962,26.296367
51.354776199999996,26.913873000000002
51.354776199999996,26.919303000000003
51.35480019999999,26.291038
51.35480019999999,26.296468
51.356175,26.286258
51.356175,26.291688
51.356175,26.297118
51.356409,26.291619
51.356409,26.297049
51.3595092,26.291688
51.3595092,26.297118
51.3597432,26.297049
51.3623838,29.158941999999996
51.3623838,29.169801999999997
51.3626718,26.280323
51.36374,26.280025
51.36374,26.285455
51.36374,26.290885
51.3643538,26.273365999999996
51.365168800000006,26.897392999999997
51.365168800000006,26.902822999999998
51.36523,26.270867
51.365718,29.164371999999997
51.365718,29.169801999999997
51.366006,26.274893
51.366006,26.280323
51.36638680000001,26.234221
51.36638680000001,26.239651000000002
51.3670742,26.280025
51.367688,26.267935999999995
51.367688,26.273365999999996
51.3678728,26.300148999999998
51.368503000000004,26.897392999999997
51.368503000000004,26.902822999999998
51.368503000000004,26.908253
51.368564199999994,26.270867
51.369721000000006,26.234221
51.369721000000006,26.239651000000002
51.369721000000006,26.245081000000003
51.370473800000006,26.288365999999996
51.371207,26.300148999999998
51.3712608,26.288473000000003
51.3712608,26.293903000000004
51.3712608,26.299333000000004
51.37131180000001,26.268653999999998
51.371609,26.293279
51.371708,26.28779
51.3718372,26.897392999999997
51.3718372,26.902822999999998
51.3718372,26.908253
51.3723138,26.287614
51.3723138,26.293044000000002
51.3723138,26.298474000000002
51.37256180000001,26.293064
51.3730552,26.234221
51.3730552,26.239651000000002
51.3730552,26.245081000000003
51.3737888,28.663493
51.3737888,28.668923
51.373808000000004,26.288365999999996
51.3745648,28.665173
51.3745648,28.670603
51.374595,26.293903000000004
51.374646000000006,26.263223999999997
51.374646000000006,26.268653999999998
51.3749432,26.287848999999998
51.3749432,26.293279
51.375042199999996,26.28779
51.375648,26.287614
51.375648,26.293044000000002
51.375648,26.298474000000002
51.375896000000004,26.293064
51.377123,28.663493
51.377123,28.668923
51.377123,28.674353
51.3771422,26.288365999999996
51.37724,26.804651
51.37724,26.810081
51.377899,28.665173
51.377899,28.670603
51.3779292,26.293903000000004
51.378982199999996,26.287614
51.378982199999996,26.293044000000002
51.378982199999996,26.298474000000002
51.3792302,26.293064
51.3793548,26.818599
51.37957480000001,26.290508000000003
51.379832,26.292228
51.379832,26.297658000000002
51.380647800000006,28.616262
51.380647800000006,28.621692
51.3812332,28.665173
51.3812332,28.670603
51.382689,26.818599
51.382689,26.824029
51.382689,26.829459
51.382909000000005,26.285078000000002
51.382909000000005,26.290508000000003
51.3830078,26.308640000000004
51.383982,28.610832
51.383982,28.616262
51.383982,28.621692
51.3855408,26.299462
51.385657800000004,28.615741
51.3860232,26.818599
51.3860232,26.829459
51.3862432,26.290508000000003
51.386342,26.303210000000004
51.386342,26.308640000000004
51.386581,28.704659000000003
51.3873162,28.610832
51.3873162,28.621692
51.387574,26.320189000000003
51.388875,26.299462
51.388992,28.615741
51.388992,28.621171
51.3893338,28.579289000000003
51.3893338,28.584719000000003
51.389661800000006,28.577507
51.389661800000006,28.582937
51.3899152,28.699229000000003
51.3899152,28.704659000000003
51.3899152,28.710089000000004
51.390375,28.681005
51.391834,28.510784
51.391834,28.516214
51.3920898,26.30432
51.392182,28.508561999999998
51.392182,28.513992
51.3922458,28.690624
51.3922458,28.696054
51.3923262,28.615741
51.3923262,28.621171
51.3923262,28.626601
51.392668,28.579289000000003
51.392668,28.584719000000003
51.392996000000004,28.577507
51.393709199999996,28.681005
51.3952258,28.629875
51.3952258,28.640735
51.395424,26.29889
51.395424,26.30432
51.395428800000005,28.629939
51.395428800000005,28.640799
51.395579999999995,28.690624
51.395579999999995,28.696054
51.3958958,28.680552000000002
51.3960022,28.584719000000003
51.3960698,28.689614000000002
51.398559999999996,28.635305
51.398559999999996,28.640735
51.398758199999996,26.30432
51.398763,28.635369
51.398763,28.640799
51.39891419999999,28.690624
51.3992148,28.637108
51.3992148,28.642538000000002
51.399229999999996,28.680552000000002
51.399229999999996,28.685982000000003
51.3993908,28.637279
51.399404,28.689614000000002
51.401894199999994,28.635305
51.401894199999994,28.640735
51.4020972,28.635369
51.402549,28.637108
51.402549,28.642538000000002
51.40256419999999,28.685982000000003
51.402725,28.631849
51.402725,28.637279
51.402738199999995,28.689614000000002
51.4042778,26.217298
51.4042778,26.222728
51.404472,28.655886
51.404472,28.661316
51.4058832,28.637108
51.4062458,26.185520999999998
51.406544,28.561508
51.40686780000001,26.227478
51.40686780000001,26.232908000000002
51.407612,26.211868
51.407612,26.217298
51.407612,26.222728
51.409533,26.275205999999997
51.409533,26.280635999999998
51.40958,26.180090999999997
51.40958,26.185520999999998
51.40958,26.190951
51.409878199999994,28.556078
51.410202000000005,26.227478
51.410202000000005,26.232908000000002
51.410202000000005,26.238338000000002
51.4103988,26.161026
51.4103988,26.166456
51.4103988,26.171886
51.4109462,26.222728
51.4128672,26.280635999999998
51.412914199999996,26.180090999999997
51.412914199999996,26.185520999999998
51.412914199999996,26.190951
51.4135362,26.227478
51.4135362,26.232908000000002
51.4135362,26.238338000000002
51.41358580000001,26.231748999999997
51.41358580000001,26.242608999999998
51.413733,26.161026
51.413733,26.166456
51.413733,26.171886
51.416920000000005,26.237178999999998
51.416920000000005,26.242608999999998
51.4170672,26.166456
51.417343800000005,26.172749999999997
51.417343800000005,26.178179999999998
51.417343800000005,26.183609999999998
51.4197988,26.165712
51.4197988,26.171142
51.4197988,26.176572
51.4202542,26.242608999999998
51.420678,26.172749999999997
51.420678,26.178179999999998
51.420678,26.183609999999998
51.4213528,26.171356
51.4213528,26.176786
51.4213528,26.182216
51.423133,26.165712
51.423133,26.171142
51.423133,26.176572
51.423169800000004,26.176622
51.4240122,26.172749999999997
51.4240122,26.178179999999998
51.4240122,26.183609999999998
51.424687,26.171356
51.424687,26.176786
51.424687,26.182216
51.4264672,26.176572
51.426504,26.176622
51.426504,26.182052
51.426504,26.187482
51.4269728,26.178646999999998
51.4269728,26.184077
51.4269728,26.189507
51.428021199999996,26.176786
51.428021199999996,26.182216
51.4298382,26.182052
51.4298382,26.187482
51.430307,26.184077
51.430307,26.189507
51.4336412,26.184077
51.4336412,26.189507
51.433677800000005,26.19828
51.4338988,26.192821000000002
51.4338988,26.198251000000003
51.437012,26.19285
51.437012,26.19828
51.437012,26.20371
51.437233,26.192821000000002
51.437233,26.198251000000003
51.4390548,26.181992
51.4390548,26.187422
51.4390548,26.192852000000002
51.4403462,26.19285
51.4405672,26.192821000000002
51.4405672,26.203681000000003
51.442389,26.181992
51.442389,26.187422
51.442389,26.192852000000002
51.4426878,26.159691
51.443166999999995,28.231776
51.443352000000004,26.206026
51.443352000000004,26.211456000000002
51.446022,26.159691
51.4466862,26.206026
51.4466862,26.211456000000002
51.460082,28.119424
51.460082,28.124854
51.4611028,26.316646000000002
51.4611028,26.322076000000003
51.4634162,28.119424
51.464437,26.311216
51.464437,26.316646000000002
51.464437,26.322076000000003
51.467771199999994,26.311216
51.467771199999994,26.316646000000002
51.467771199999994,26.322076000000003
51.4875968,28.137947
51.4875968,28.143377
51.4875968,28.148807
51.4882448,28.138538
51.4882448,28.143968
51.4907728,26.356697
51.4907728,26.362127
51.4907728,26.367557
51.490930999999996,28.143377
51.491578999999994,28.143968
51.491578999999994,28.149398
51.494107,26.356697
51.494107,26.362127
51.494107,26.367557
51.4974412,26.356697
51.4974412,26.362127
51.4974412,26.367557
51.5013238,28.131090000000004
51.5013238,28.136520000000004
51.504658,28.125660000000003
51.504658,28.131090000000004
51.515165800000005,26.896212
51.5161748,28.063744
51.517752,28.141975
51.517752,28.147405
51.5180288,28.165424
51.5185,26.896212
51.5185,26.901642
51.5185,26.907072
51.519509,28.063744
51.5210862,28.147405
51.5210862,28.152835
51.521363,28.159994
51.521363,28.165424
51.5218342,26.896212
51.5218342,26.901642
51.5218342,26.907072
51.522268800000006,26.467992999999996
51.522268800000006,26.473422999999997
51.522268800000006,26.478852999999997
51.522444,28.156804
51.522444,28.162234
51.522444,28.167664000000002
51.5246972,28.154564
51.525603000000004,26.467992999999996
51.525603000000004,26.473422999999997
51.525603000000004,26.478852999999997
51.5289372,26.467992999999996
51.5289372,26.473422999999997
51.5289372,26.478852999999997
51.5291038,26.460949999999997
51.5291038,26.466379999999997
51.5291038,26.471809999999998
51.531227,28.174473999999996
51.531227,28.179903999999997
51.532438,26.460949999999997
51.532438,26.466379999999997
51.532438,26.471809999999998
51.5345612,28.179903999999997
51.5357722,26.460949999999997
51.5357722,26.466379999999997
51.5357722,26.471809999999998
51.5388608,26.378610999999996
51.5388608,26.384040999999996
51.5388608,26.389470999999997
51.5415858,26.798899
51.5415858,26.804329
51.5415858,26.809759
51.542195,26.378610999999996
51.542195,26.384040999999996
51.542195,26.389470999999997
51.542636800000004,26.39179
51.542636800000004,26.39722
51.542636800000004,26.40265
51.5439698,26.847160999999996
51.5439698,26.852590999999997
51.5439698,26.858020999999997
51.54492,26.804329
51.54492,26.809759
51.5453198,26.539959000000003
51.5455292,26.384040999999996
51.5455292,26.389470999999997
51.545971,26.39179
51.545971,26.39722
51.545971,26.40265
51.547304,26.847160999999996
51.547304,26.852590999999997
51.548254199999995,26.798899
51.548654,26.539959000000003
51.5493052,26.39722
51.5493052,26.40265
51.550638199999995,26.847160999999996
51.550638199999995,26.852590999999997
51.5519882,26.539959000000003
51.5519882,26.545389000000004
51.555934,26.511103000000002
51.555951,26.511065999999996
51.5576738,26.5031
51.5576738,26.50853
51.5576738,26.51396
51.5577868,26.5083
51.5577868,26.51373
51.5592682,26.505673
51.5592682,26.511103000000002
51.5592682,26.516533000000003
51.5592852,26.505635999999996
51.5592852,26.511065999999996
51.5592852,26.516495999999997
51.5603268,26.495391
51.561008,26.51396
51.561121,26.5083
51.561227800000005,26.518559
51.561227800000005,26.523989
51.5615438,26.506967999999997
51.5615438,26.512397999999997
51.5615438,26.517827999999998
51.563660999999996,26.495391
51.563660999999996,26.500821000000002
51.5640468,26.511423999999998
51.5640468,26.516854
51.5640468,26.522284
51.5643422,26.5031
51.5644552,26.502869999999998
51.5644552,26.51373
51.564562,26.523989
51.5648268,26.499616000000003
51.5648268,26.505046000000004
51.564878,26.506967999999997
51.564878,26.512397999999997
51.564878,26.517827999999998
51.5651278,26.510759
51.5651278,26.516189
51.5651278,26.521619
51.5657318,26.494273999999997
51.5660918,26.501915
51.5660918,26.512775
51.566995199999994,26.500821000000002
51.566995199999994,26.506251000000002
51.567381,26.516854
51.5678962,26.518559
51.5678962,26.529419
51.568160999999996,26.499616000000003
51.568160999999996,26.505046000000004
51.568160999999996,26.510476000000004
51.5682122,26.506967999999997
51.5682122,26.512397999999997
51.5682122,26.517827999999998
51.568462,26.510759
51.568462,26.516189
51.568462,26.521619
51.569066,26.499703999999998
51.569066,26.505133999999998
51.569426,26.501915
51.569426,26.507345
51.569426,26.512775
51.569816800000005,26.505310999999995
51.569816800000005,26.510740999999996
51.569816800000005,26.516170999999996
51.570637,27.118708
51.570637,27.124138000000002
51.570637,27.129568000000003
51.570715199999995,26.511423999999998
51.570715199999995,26.516854
51.570715199999995,26.522284
51.5709038,26.509881999999998
51.5709038,26.515311999999998
51.5709038,26.520742
51.571495199999994,26.499616000000003
51.571495199999994,26.505046000000004
51.571796199999994,26.516189
51.571796199999994,26.521619
51.5724002,26.494273999999997
51.5724002,26.499703999999998
51.5724002,26.505133999999998
51.5727602,26.501915
51.5727602,26.507345
51.5727602,26.512775
51.573010800000006,27.130295
51.573151,26.505310999999995
51.573151,26.510740999999996
51.573151,26.516170999999996
51.573971199999995,27.124138000000002
51.5741048,26.494833
51.5741048,26.500263
51.5741048,26.505693
51.574238,26.509881999999998
51.574238,26.515311999999998
51.574238,26.520742
51.57424280000001,26.499129000000003
51.57424280000001,26.504559000000004
51.57424280000001,26.509989000000004
51.5748008,26.489403000000003
51.5748008,26.494833000000003
51.576345,27.124865
51.576345,27.130295
51.576345,27.135725
51.5764852,26.505310999999995
51.5764852,26.510740999999996
51.5764852,26.516170999999996
51.577439,26.494833
51.577439,26.500263
51.577439,26.505693
51.5775722,26.509881999999998
51.5775722,26.515311999999998
51.5775722,26.520742
51.577577000000005,26.499129000000003
51.577577000000005,26.504559000000004
51.577577000000005,26.509989000000004
51.5780068,27.137735
51.578134999999996,26.489403000000003
51.578134999999996,26.494833000000003
51.5790528,27.104335
51.5796792,27.130295
51.580773199999996,26.494833
51.580773199999996,26.500263
51.580773199999996,26.505693
51.5809112,26.499129000000003
51.5809112,26.504559000000004
51.5809112,26.509989000000004
51.581340999999995,27.132305
51.581340999999995,27.137735
51.581340999999995,27.143165
51.581469199999994,26.494833000000003
51.582387,27.098905
51.582387,27.104335
51.582387,27.109765
51.582922800000006,26.503014
51.582922800000006,26.508444
51.5830478,26.502581
51.5830478,26.508011
51.5831278,26.521867999999998
51.5831278,26.527298
51.5831278,26.532728
51.5835798,26.523954000000003
51.5835798,26.529384000000004
51.5835798,26.534814000000004
51.58467519999999,27.137735
51.5850778,26.518943999999998
51.5850778,26.524373999999998
51.5850778,26.529804
51.585179800000006,26.521058
51.585179800000006,26.526488
51.585179800000006,26.531918
51.5853778,26.530129
51.5853778,26.535559
51.5853958,26.496614
51.5853958,26.502044
51.5853958,26.507474000000002
51.5855338,27.153431
51.585721199999995,27.104335
51.5859238,26.525091999999997
51.5859238,26.530521999999998
51.5859238,26.535951999999998
51.586257,26.503014
51.586257,26.508444
51.586382,26.497151
51.586382,26.502581
51.586382,26.508011
51.586462,26.521867999999998
51.586462,26.527298
51.586462,26.532728
51.586914,26.523954000000003
51.586914,26.529384000000004
51.586914,26.534814000000004
51.5880158,26.497698000000003
51.5880158,26.503128000000004
51.5880158,26.508558000000004
51.588412,26.518943999999998
51.588412,26.524373999999998
51.588412,26.529804
51.588514,26.521058
51.588514,26.526488
51.588514,26.531918
51.588712,26.524699
51.588712,26.530129
51.588712,26.535559
51.58873,26.496614
51.58873,26.502044
51.58873,26.507474000000002
51.588868,27.148001
51.588868,27.153431
51.588868,27.158861
51.5891818,26.498213
51.5891818,26.503643
51.5891818,26.509073
51.589258,26.525091999999997
51.589258,26.530521999999998
51.589258,26.535951999999998
51.58951880000001,26.519785000000002
51.58951880000001,26.525215000000003
51.58951880000001,26.530645000000003
51.5895912,26.497584
51.5895912,26.503014
51.5895912,26.508444
51.5897162,26.497151
51.5897162,26.502581
51.5897162,26.508011
51.589796199999995,26.521867999999998
51.589796199999995,26.527298
51.589796199999995,26.532728
51.590135800000006,26.498817999999996
51.590135800000006,26.504247999999997
51.590135800000006,26.509677999999997
51.5902482,26.523954000000003
51.5902482,26.529384000000004
51.5902482,26.534814000000004
51.5903628,25.508063
51.5903628,25.513493
51.590909800000006,25.511347
51.5909898,25.506239
51.591002800000005,25.513428
51.5911758,25.511797
51.5912298,25.501667
51.5912298,25.512527000000002
51.59123580000001,25.511422000000003
51.59135,26.497698000000003
51.59135,26.503128000000004
51.59135,26.508558000000004
51.5917018,26.530535999999998
51.5917018,26.535966
51.5917018,26.541396
51.591746199999996,26.518943999999998
51.591746199999996,26.524373999999998
51.591746199999996,26.529804
51.5918482,26.521058
51.5918482,26.526488
51.5918482,26.531918
51.5920462,26.524699
51.5920462,26.530129
51.5920462,26.535559
51.592064199999996,26.502044
51.592064199999996,26.507474000000002
51.5921628,26.534309
51.5921628,26.539739
51.5921628,26.545169
51.592202199999996,27.153431
51.592515999999996,26.498213
51.592515999999996,26.503643
51.592515999999996,26.509073
51.5925922,26.525091999999997
51.5925922,26.530521999999998
51.5925922,26.535951999999998
51.592853000000005,26.519785000000002
51.592853000000005,26.525215000000003
51.592853000000005,26.530645000000003
51.59347,26.498817999999996
51.59347,26.504247999999997
51.59347,26.509677999999997
51.593697,25.508063
51.593704800000005,26.536535999999998
51.593704800000005,26.541966
51.5937598,26.536672000000003
51.5937598,26.542102000000003
51.59377,25.508105
51.59377,25.513535
51.59393,25.502996999999997
51.59393,25.508426999999998
51.59393,25.513856999999998
51.593977,25.513782
51.5943138,25.523217
51.59451,25.506367
51.59451,25.511797
51.594570000000004,25.505992000000003
51.594570000000004,25.511422000000003
51.5945868,25.511471999999998
51.594684199999996,26.503128000000004
51.594704,25.501580999999998
51.595036,26.530535999999998
51.595036,26.535966
51.595036,26.541396
51.595496999999995,26.534309
51.595496999999995,26.539739
51.595496999999995,26.545169
51.595850199999994,26.503643
51.5960518,26.516502
51.5960518,26.521932
51.5960518,26.527362
51.5961872,26.519785000000002
51.5961872,26.525215000000003
51.5961872,26.530645000000003
51.5968042,26.498817999999996
51.5968042,26.504247999999997
51.597031199999996,25.513493
51.597039,26.541966
51.597039,26.547396
51.597094,26.536672000000003
51.597094,26.542102000000003
51.597094,26.547532000000004
51.5972642,25.513856999999998
51.5973112,25.502921999999998
51.597455,25.512593
51.597455,25.518023
51.597455,25.523453
51.597648,25.512356999999998
51.597648,25.517787
51.5976582,25.511669
51.5976712,25.513428
51.5976782,25.505874
51.597921,25.511471999999998
51.597921,25.516901999999998
51.597921,25.522332
51.598058800000004,26.549709
51.598058800000004,26.555139
51.5983702,26.530535999999998
51.5983702,26.535966
51.5983702,26.541396
51.59869380000001,26.553741999999996
51.59869380000001,26.559171999999997
51.59883119999999,26.534309
51.59883119999999,26.539739
51.59883119999999,26.545169
51.599385999999996,26.516502
51.599385999999996,26.521932
51.599385999999996,26.527362
51.60005580000001,26.803433000000002
51.6003732,26.541966
51.6003732,26.547396
51.600428199999996,26.542102000000003
51.600428199999996,26.547532000000004
51.600789199999994,25.523453
51.6009822,25.523217
51.601103800000004,26.325171
51.601103800000004,26.330601
51.6013508,27.162096999999996
51.601393,26.549709
51.601393,26.555139
51.601393,26.560569
51.6016928,26.318623000000002
51.6017458,26.324825
51.6017458,26.330255
51.602028000000004,26.553741999999996
51.602028000000004,26.559171999999997
51.60243080000001,26.554631999999998
51.60243080000001,26.560062
51.60272019999999,26.521932
51.60272019999999,26.527362
51.602891,27.278086
51.603390000000005,26.803433000000002
51.604438,26.319741
51.604438,26.325171
51.604684999999996,27.156666999999995
51.604684999999996,27.162096999999996
51.604684999999996,27.167526999999996
51.6047272,26.549709
51.6047272,26.555139
51.6047272,26.560569
51.605027,26.318623000000002
51.605027,26.324053000000003
51.605073,26.319767999999996
51.605073,26.325197999999997
51.60508,26.319395
51.60508,26.324825
51.6053622,26.553741999999996
51.6053622,26.559171999999997
51.6053622,26.564601999999997
51.605765000000005,26.554631999999998
51.605765000000005,26.560062
51.605765000000005,26.565492
51.6062252,27.283516
51.6062388,26.550611999999997
51.6062388,26.556041999999998
51.6062388,26.561472
51.6067242,26.803433000000002
51.6068068,26.559971
51.6068068,26.565401
51.6068068,26.570831000000002
51.607322800000006,26.561353999999998
51.607322800000006,26.566784
51.6074578,26.829735
51.607516800000006,26.555856
51.607516800000006,26.561286
51.607516800000006,26.566716
51.6077722,26.319741
51.608019199999994,27.162096999999996
51.6083612,26.318623000000002
51.6083612,26.329483000000003
51.608407199999995,26.330627999999997
51.6084142,26.319395
51.6086838,26.523417999999996
51.6086838,26.528847999999996
51.6086838,26.534277999999997
51.6090992,26.560062
51.6090992,26.565492
51.6091988,26.557235000000002
51.6091988,26.562665000000003
51.6091988,26.568095000000003
51.609573,26.550611999999997
51.609573,26.556041999999998
51.609573,26.561472
51.610141,26.559971
51.610141,26.565401
51.610657,26.555923999999997
51.610657,26.561353999999998
51.610657,26.566784
51.610792,26.818875
51.610792,26.824305
51.610851000000004,26.555856
51.610851000000004,26.561286
51.610851000000004,26.566716
51.6118198,26.849864
51.6118198,26.855294
51.612018,26.523417999999996
51.612018,26.528847999999996
51.612018,26.534277999999997
51.6120888,27.171229999999998
51.612533,26.557235000000002
51.612533,26.562665000000003
51.612533,26.568095000000003
51.612907199999995,26.550611999999997
51.612907199999995,26.556041999999998
51.612907199999995,26.561472
51.613475199999996,26.559971
51.613475199999996,26.565401
51.613475199999996,26.570831000000002
51.6139912,26.555923999999997
51.6139912,26.561353999999998
51.6139912,26.566784
51.614126199999994,26.824305
51.615107,27.157410000000002
51.615107,27.162840000000003
51.615107,27.168270000000003
51.615154,26.849864
51.615154,26.855294
51.615154,26.860724
51.6153522,26.528847999999996
51.6153522,26.534277999999997
51.615423,27.165799999999997
51.615423,27.171229999999998
51.6158672,26.562665000000003
51.6158672,26.568095000000003
51.6164268,27.097579999999997
51.6179578,26.838586999999997
51.6179578,26.844016999999997
51.618488199999994,26.849864
51.618488199999994,26.855294
51.618488199999994,26.860724
51.6189498,26.440745
51.6189498,26.446175
51.6189498,26.451605
51.619761,27.092149999999997
51.619761,27.097579999999997
51.619761,27.103009999999998
51.620703999999996,26.518722999999998
51.6212548,27.210390000000004
51.621292,26.838586999999997
51.621292,26.844016999999997
51.621292,26.849446999999998
51.622284,26.440745
51.622284,26.446175
51.622284,26.451605
51.6226338,27.193665000000003
51.622776800000004,27.183028999999998
51.623095199999995,27.097579999999997
51.623364800000004,26.838766000000003
51.623364800000004,26.844196000000004
51.6235038,26.844103000000004
51.624589,27.204960000000003
51.624589,27.210390000000004
51.624589,27.215820000000004
51.624626199999994,26.838586999999997
51.624626199999994,26.844016999999997
51.6256182,26.446175
51.6256182,26.451605
51.625759800000004,27.217214000000002
51.625968,27.188235000000002
51.625968,27.193665000000003
51.625968,27.199095000000003
51.626111,27.177598999999997
51.626111,27.183028999999998
51.626111,27.188458999999998
51.626273,27.176673
51.626273,27.182103
51.626273,27.187533000000002
51.626699,26.838766000000003
51.626699,26.844196000000004
51.626699,26.849626000000004
51.626838,26.838673000000004
51.626838,26.844103000000004
51.6279232,27.210390000000004
51.628874800000006,26.552462
51.628874800000006,26.557892
51.628874800000006,26.563322
51.629094,27.211784
51.629094,27.217214000000002
51.6294452,27.183028999999998
51.629607199999995,27.182103
51.6300332,26.838766000000003
51.6300332,26.849626000000004
51.6301722,26.838673000000004
51.6301722,26.849533000000005
51.6311018,26.540548
51.6311018,26.545978
51.6311018,26.551408000000002
51.631171800000004,27.115447999999997
51.63142619999999,27.142513
51.632209,26.552462
51.632209,26.557892
51.632209,26.563322
51.633792,27.124734000000004
51.633792,27.130164000000004
51.6341048,27.200583
51.634436,26.540548
51.634436,26.545978
51.634436,26.551408000000002
51.634506,27.110017999999997
51.634673,27.102379
51.634673,27.107809
51.6355432,26.557892
51.6355432,26.563322
51.6356848,27.130822
51.6363408,26.556009000000003
51.6363408,26.561439000000004
51.6371262,27.124734000000004
51.637439,27.195153
51.637439,27.200583
51.637439,27.206013000000002
51.6377702,26.540548
51.6377702,26.545978
51.6377702,26.551408000000002
51.6378402,27.115447999999997
51.639019,27.125391999999998
51.639019,27.130822
51.639675,26.550579000000003
51.639675,26.556009000000003
51.639675,26.561439000000004
51.63978,27.089817
51.6407732,27.200583
51.6414598,26.554029000000003
51.6414598,26.559459000000004
51.6414598,26.564889000000004
51.642353199999995,27.130822
51.643009199999995,26.550579000000003
51.643009199999995,26.556009000000003
51.643009199999995,26.561439000000004
51.643520800000005,25.774757
51.6445148,26.555233
51.6445148,26.560663
51.6445148,26.566093000000002
51.644794,26.554029000000003
51.644794,26.559459000000004
51.644794,26.564889000000004
51.646855,25.774757
51.646855,25.780187
51.647849,26.560663
51.648128199999995,26.559459000000004
51.6501892,25.774757
51.650207800000004,27.124290999999996
51.653542,27.124290999999996
51.6568762,27.124290999999996
51.7006018,25.909855
51.703936,25.915285
51.707270199999996,25.909855
51.709642800000005,26.535723
51.712977,26.541153
51.712977,26.546583000000002
51.7163112,26.535723
51.7262628,26.591337
51.729597,26.596767
51.732931199999996,26.596767
51.7482708,26.006373999999997
51.751605,26.000943999999997
51.751605,26.006373999999997
51.754939199999995,26.006373999999997
51.7574108,26.591308
51.7600558,26.594879000000002
51.7600558,26.600309000000003
51.7603588,26.135754000000002
51.760745,26.591308
51.760745,26.596738000000002
51.760745,26.602168000000002
51.760940999999995,26.03893
51.76339,26.594879000000002
51.76339,26.600309000000003
51.76339,26.605739000000003
51.763692999999996,26.130324
51.763692999999996,26.135754000000002
51.7640792,26.596738000000002
51.7640792,26.602168000000002
51.76427519999999,26.03893
51.7667242,26.605739000000003
51.767027199999994,26.135754000000002
51.768634000000006,26.036005
51.770026800000004,26.169645000000003
51.773361,26.169645000000003
51.773361,26.175075000000003
51.816841,26.113506
51.8264948,26.130023
51.829797,26.13009
51.829797,26.13552
51.829829,26.130023
51.8313718,26.099173
51.834706,26.093743
51.834706,26.099173
51.834706,26.104603
51.8503968,26.119195
51.85351,26.120390999999998
51.85351,26.125821
51.85351,26.131251
51.853730999999996,26.113765
51.853730999999996,26.124625
51.857065199999994,26.119195
51.8744378,26.008913
51.877772,26.008913
51.913472999999996,25.982655
51.913472999999996,25.993515000000002
